domain,component,qwen_mean,llama_mean,delta,p_value,cliffs_delta
Medical,F,0.988,0.988,0.0,1.0,0.0
Medical,M,0.1156,0.1262,-0.0106,4.52085403328195e-13,-0.1526
Medical,S,0.499,0.499,0.0,1.0,0.0
Legal,F,0.755,0.3575,0.3975,1.2036947896374483e-29,0.3975
Legal,M,0.7615,0.577,0.1845,2.921783001207245e-47,0.5899
Legal,S,0.668,0.668,0.0,1.0,0.0
Finance,F,0.5,0.5,0.0,1.0,0.0
Finance,M,0.7851,0.7061,0.079,5.620818504418774e-29,0.3048
Finance,S,0.7987,0.7987,0.0,1.0,0.0
