domain,n_qwen,n_llama,mean_qwen,mean_llama,median_qwen,median_llama,median_diff_95CI,U_stat,p_value,sig,cliffs_delta,effect_magnitude
Medical,1500,1500,0.9966,0.9968,1.0,1.0,"[0.0000, 0.0000]",1124991.5,0.9987864982624595,ns,-0.0,negligible
Legal,400,400,0.9604,0.8156,1.0,0.8813,"[0.0888, 0.1706]",117344.0,3.186795988141518e-36,***,0.4668,medium
Finance,896,896,0.914,0.8832,1.0,1.0,"[-0.0089, 0.1043]",430845.0,0.004036075090308625,**,0.0733,negligible
